{
  "toggle_mod": true,
  "animation_speed": 450,
  "curve_points": [
    [
      0.4609375,
      0.22302404
    ],
    [
      0.53125,
      0.6922386
    ]
  ]
}